﻿<?xml version="1.0"?>
<doc>
<assembly>
<name>
Chiles
</name>
</assembly>
<members>
<member name="T:Chiles.My.Resources.Resources">
<summary>
  Clase de recurso fuertemente tipado, para buscar cadenas traducidas, etc.
</summary>
</member>
<member name="P:Chiles.My.Resources.Resources.ResourceManager">
<summary>
  Devuelve la instancia de ResourceManager almacenada en caché utilizada por esta clase.
</summary>
</member>
<member name="P:Chiles.My.Resources.Resources.Culture">
<summary>
  Reemplaza la propiedad CurrentUICulture del subproceso actual para todas las
  búsquedas de recursos mediante esta clase de recurso fuertemente tipado.
</summary>
</member>
<member name="P:Chiles.My.Resources.Resources.boton">
<summary>
  Busca un recurso adaptado de tipo System.Drawing.Bitmap.
</summary>
</member>
<member name="T:Chiles.ChilesDBDataSet">
<summary>
Represents a strongly typed in-memory cache of data.
</summary>
</member>
<member name="T:Chiles.ChilesDBDataSet.LiquidacionGlobalDataTable">
<summary>
Represents the strongly named DataTable class.
</summary>
</member>
<member name="T:Chiles.ChilesDBDataSet.BotesDataTable">
<summary>
Represents the strongly named DataTable class.
</summary>
</member>
<member name="T:Chiles.ChilesDBDataSet.LiquidacionDetalleDataTable">
<summary>
Represents the strongly named DataTable class.
</summary>
</member>
<member name="T:Chiles.ChilesDBDataSet.ProduccionDataTable">
<summary>
Represents the strongly named DataTable class.
</summary>
</member>
<member name="T:Chiles.ChilesDBDataSet.ProductosDataTable">
<summary>
Represents the strongly named DataTable class.
</summary>
</member>
<member name="T:Chiles.ChilesDBDataSet.BotesRow">
<summary>
Represents strongly named DataRow class.
</summary>
</member>
<member name="T:Chiles.ChilesDBDataSet.LiquidacionDetalleRow">
<summary>
Represents strongly named DataRow class.
</summary>
</member>
<member name="T:Chiles.ChilesDBDataSet.ProduccionRow">
<summary>
Represents strongly named DataRow class.
</summary>
</member>
<member name="T:Chiles.ChilesDBDataSet.ProductosRow">
<summary>
Represents strongly named DataRow class.
</summary>
</member>
<member name="T:Chiles.ChilesDBDataSet.LiquidacionGlobalRow">
<summary>
Represents strongly named DataRow class.
</summary>
</member>
<member name="T:Chiles.ChilesDBDataSet.BotesRowChangeEvent">
<summary>
Row event argument class
</summary>
</member>
<member name="T:Chiles.ChilesDBDataSet.LiquidacionDetalleRowChangeEvent">
<summary>
Row event argument class
</summary>
</member>
<member name="T:Chiles.ChilesDBDataSet.ProduccionRowChangeEvent">
<summary>
Row event argument class
</summary>
</member>
<member name="T:Chiles.ChilesDBDataSet.ProductosRowChangeEvent">
<summary>
Row event argument class
</summary>
</member>
<member name="T:Chiles.ChilesDBDataSet.LiquidacionGlobalRowChangeEvent">
<summary>
Row event argument class
</summary>
</member>
<member name="T:Chiles.ChilesDBDataSetTableAdapters.BotesTableAdapter">
<summary>
Represents the connection and commands used to retrieve and save data.
</summary>
</member>
<member name="T:Chiles.ChilesDBDataSetTableAdapters.LiquidacionDetalleTableAdapter">
<summary>
Represents the connection and commands used to retrieve and save data.
</summary>
</member>
<member name="T:Chiles.ChilesDBDataSetTableAdapters.ProduccionTableAdapter">
<summary>
Represents the connection and commands used to retrieve and save data.
</summary>
</member>
<member name="T:Chiles.ChilesDBDataSetTableAdapters.ProductosTableAdapter">
<summary>
Represents the connection and commands used to retrieve and save data.
</summary>
</member>
<member name="T:Chiles.ChilesDBDataSetTableAdapters.TableAdapterManager">
<summary>
TableAdapterManager is used to coordinate TableAdapters in the dataset to enable Hierarchical Update scenarios
</summary>
</member>
<member name="M:Chiles.ChilesDBDataSetTableAdapters.TableAdapterManager.UpdateUpdatedRows(Chiles.ChilesDBDataSet,System.Collections.Generic.List{System.Data.DataRow},System.Collections.Generic.List{System.Data.DataRow})">
<summary>
Update rows in top-down order.
</summary>
</member>
<member name="M:Chiles.ChilesDBDataSetTableAdapters.TableAdapterManager.UpdateInsertedRows(Chiles.ChilesDBDataSet,System.Collections.Generic.List{System.Data.DataRow})">
<summary>
Insert rows in top-down order.
</summary>
</member>
<member name="M:Chiles.ChilesDBDataSetTableAdapters.TableAdapterManager.UpdateDeletedRows(Chiles.ChilesDBDataSet,System.Collections.Generic.List{System.Data.DataRow})">
<summary>
Delete rows in bottom-up order.
</summary>
</member>
<member name="M:Chiles.ChilesDBDataSetTableAdapters.TableAdapterManager.GetRealUpdatedRows(System.Data.DataRow[],System.Collections.Generic.List{System.Data.DataRow})">
<summary>
Remove inserted rows that become updated rows after calling TableAdapter.Update(inserted rows) first
</summary>
</member>
<member name="M:Chiles.ChilesDBDataSetTableAdapters.TableAdapterManager.UpdateAll(Chiles.ChilesDBDataSet)">
<summary>
Update all changes to the dataset.
</summary>
</member>
<member name="T:Chiles.ChilesDBDataSetTableAdapters.TableAdapterManager.UpdateOrderOption">
<summary>
Update Order Option
</summary>
</member>
<member name="T:Chiles.ChilesDBDataSetTableAdapters.TableAdapterManager.SelfReferenceComparer">
<summary>
Used to sort self-referenced table's rows
</summary>
</member>
<member name="T:Chiles.DsLiquidacionGlobal">
<summary>
Represents a strongly typed in-memory cache of data.
</summary>
</member>
<member name="T:Chiles.DsLiquidacionGlobal.ReporteGlobalDataTable">
<summary>
Represents the strongly named DataTable class.
</summary>
</member>
<member name="T:Chiles.DsLiquidacionGlobal.ReporteGlobalRow">
<summary>
Represents strongly named DataRow class.
</summary>
</member>
<member name="T:Chiles.DsLiquidacionGlobal.ReporteGlobalRowChangeEvent">
<summary>
Row event argument class
</summary>
</member>
</members>
</doc>
